-- =========================
-- DATA POSTGRESQL
-- =========================

BEGIN;

-- Data kecamatan
INSERT INTO kecamatan (id, nama_kecamatan) VALUES
(1, 'Setu'),
(2, 'Serang Baru'),
(3, 'Cikarang Pusat'),
(4, 'Cikarang Selatan'),
(5, 'Cibarusah'),
(6, 'Bojongmangu'),
(7, 'Cikarang Timur'),
(8, 'Kdgwaringin'),
(9, 'Cikarang Utara'),
(10, 'Karang Bahagia'),
(11, 'Cibitung'),
(12, 'Cikarang Barat'),
(13, 'Tambun Selatan'),
(14, 'Tambun Utara'),
(15, 'Babelan'),
(16, 'Tarumajaya'),
(17, 'Tambelang'),
(18, 'Sukawangi'),
(19, 'Sukatani'),
(20, 'Sukakarya'),
(21, 'Pebayuran'),
(22, 'Cabangbungin'),
(23, 'Muaragembong');

-- Data desa
INSERT INTO desa (id, id_kecamatan, nama_desa) VALUES
(1, 1, 'Ragemmanunggal'),
(2, 1, 'Muktijaya'),
(3, 1, 'Kertarahayu'),
(4, 1, 'Cikarageman'),
(5, 1, 'Tamansari'),
(6, 1, 'Tamanrahayu'),
(7, 1, 'Burangkeng'),
(8, 1, 'Cileduk'),
(9, 1, 'Cibening'),
(10, 1, 'Cijengkol'),
(11, 1, 'Lubangbuaya'),
(12, 2, 'Jayamulya'),
(13, 2, 'Sukaragam'),
(14, 2, 'Sirnajaya'),
(15, 2, 'Nagacipta'),
(16, 2, 'Nagasari'),
(17, 2, 'Cilangkara'),
(18, 2, 'Sukasari'),
(19, 2, 'Jayasampurna'),
(20, 3, 'Cicau'),
(21, 3, 'Sukamahi'),
(22, 3, 'Pasirranji'),
(23, 3, 'Pasirtanjung'),
(24, 3, 'Hegarmukti'),
(25, 3, 'Jayamukti'),
(26, 4, 'Sukasejati'),
(27, 4, 'Ciantra'),
(28, 4, 'Sukadami'),
(29, 4, 'Serang'),
(30, 4, 'Sukaresmi'),
(31, 4, 'Cibatu'),
(32, 4, 'Pasirsari'),
(33, 5, 'Cibarusahjaya'),
(34, 5, 'Cibarusahkota'),
(35, 5, 'Sindangmulya'),
(36, 5, 'Wibawamulya'),
(37, 5, 'Sirnajati'),
(38, 5, 'Ridogalih'),
(39, 5, 'Ridamanah'),
(40, 6, 'Karangindah'),
(41, 6, 'Karangmulya'),
(42, 6, 'Bojongmangu'),
(43, 6, 'Medalkrisna'),
(44, 6, 'Sukamukti'),
(45, 6, 'Sukabungah'),
(46, 7, 'Sertajaya'),
(47, 7, 'Hegarmanah'),
(48, 7, 'Cipayung'),
(49, 7, 'Jatireja'),
(50, 7, 'Jatibaru'),
(51, 7, 'Tanjungbaru'),
(52, 7, 'Labansari'),
(53, 7, 'Karangsari'),
(54, 8, 'Bojongsari'),
(55, 8, 'Kedungwaringin'),
(56, 8, 'Waringinjaya'),
(57, 8, 'Karangsambung'),
(58, 8, 'Karangharum'),
(59, 8, 'Mekarjaya'),
(60, 8, 'Karangmekar'),
(61, 9, 'Wangunharja'),
(62, 9, 'Harjamekar'),
(63, 9, 'Pasirgombong'),
(64, 9, 'Mekarmukti'),
(65, 9, 'Simpangan'),
(66, 9, 'Tanjungsari'),
(67, 9, 'Cikarang Kota'),
(68, 9, 'Karangbaru'),
(69, 9, 'Karangasih'),
(70, 9, 'Karangraharja'),
(71, 9, 'Waluya'),
(72, 10, 'Sukaraya'),
(73, 10, 'Karangrahayu'),
(74, 10, 'Karangsetia'),
(75, 10, 'Karangsatu'),
(76, 10, 'Karangmukti'),
(77, 10, 'Karanganyar'),
(78, 10, 'Karangbahagia'),
(79, 10, 'Karangsentosa'),
(80, 11, 'Cibuntu'),
(81, 11, 'Wanasari'),
(82, 11, 'Wanajaya'),
(83, 11, 'Sukajaya'),
(84, 11, 'Kertamukti'),
(85, 11, 'Muktiwari'),
(86, 11, 'Sarimukti'),
(87, 12, 'Telajung'),
(88, 12, 'Cikedokan'),
(89, 12, 'Jatiwangi'),
(90, 12, 'Mekarwangi'),
(91, 12, 'Gandamekar'),
(92, 12, 'Danauindah'),
(93, 12, 'Gandasari'),
(94, 12, 'Sukadanau'),
(95, 12, 'Telagaasih'),
(96, 12, 'Telagamurni'),
(97, 12, 'Kalijaya'),
(98, 13, 'Jatimulya'),
(99, 13, 'Lambangsari'),
(100, 13, 'Lambangjaya'),
(101, 13, 'Tambun'),
(102, 13, 'Setiadarma'),
(103, 13, 'Setiamekar'),
(104, 13, 'Mekarsari'),
(105, 13, 'Tridayasakti'),
(106, 13, 'Mangunjaya'),
(107, 13, 'Sumberjaya'),
(108, 14, 'Karangsatria'),
(109, 14, 'Satriajaya'),
(110, 14, 'Jalenjaya'),
(111, 14, 'Satriamekar'),
(112, 14, 'Sriamur'),
(113, 14, 'Srimukti'),
(114, 14, 'Srijaya'),
(115, 14, 'Srimahi'),
(116, 15, 'Bahagia'),
(117, 15, 'Kebalen'),
(118, 15, 'Babelan Kota'),
(119, 15, 'Kedungpengawas'),
(120, 15, 'Kedungjaya'),
(121, 15, 'Bunibakti'),
(122, 15, 'Muarabakti'),
(123, 15, 'Pantai Hurip'),
(124, 15, 'Huripjaya'),
(125, 16, 'Pusakarakyat'),
(126, 16, 'Setiaasih'),
(127, 16, 'Pahlawansetia'),
(128, 16, 'Setiamulya'),
(129, 16, 'Segaramakmur'),
(130, 16, 'Pantaimakmur'),
(131, 16, 'Segarajaya'),
(132, 16, 'Samudrajaya'),
(133, 17, 'Sukamaju'),
(134, 17, 'Sukaraja'),
(135, 17, 'Sukarapih'),
(136, 17, 'Sukarahayu'),
(137, 17, 'Sukabakti'),
(138, 17, 'Sukawijaya'),
(139, 17, 'Sukamantri'),
(140, 18, 'Sukamekar'),
(141, 18, 'Sukadaya'),
(142, 18, 'Sukabudi'),
(143, 18, 'Sukawangi'),
(144, 18, 'Sukakerta'),
(145, 18, 'Sukaringin'),
(146, 18, 'Sukatenang'),
(147, 19, 'Sukaasih'),
(148, 19, 'Sukarukun'),
(149, 19, 'Banjarsari'),
(150, 19, 'Sukahurip'),
(151, 19, 'Sukamanah'),
(152, 19, 'Sukamulya'),
(153, 19, 'Sukadarma'),
(154, 20, 'Sukajadi'),
(155, 20, 'Sukamakmur'),
(156, 20, 'Sukalaksana'),
(157, 20, 'Sukakersa'),
(158, 20, 'Sukakarya'),
(159, 20, 'Sukaindah'),
(160, 20, 'Sukamurni'),
(161, 21, 'Bantarsari'),
(162, 21, 'Bantarjaya'),
(163, 21, 'Kertasari'),
(164, 21, 'Kertajaya'),
(165, 21, 'Karanghaur'),
(166, 21, 'Karangpatri'),
(167, 21, 'Karangreja'),
(168, 21, 'Karangjaya'),
(169, 21, 'Sumbersari'),
(170, 21, 'Sumberreja'),
(171, 21, 'Sumberurip'),
(172, 21, 'Karangsegar'),
(173, 21, 'Karangharja'),
(174, 22, 'Jayabakti'),
(175, 22, 'Sindangjaya'),
(176, 22, 'Sindangsari'),
(177, 22, 'Jayalaksana'),
(178, 22, 'Setialaksana'),
(179, 22, 'Lenggahjaya'),
(180, 22, 'Setiajaya'),
(181, 22, 'Lenggahsari'),
(182, 23, 'Pantai Harapanjaya'),
(183, 23, 'Pantai Mekar'),
(184, 23, 'Pantai Sederhana'),
(185, 23, 'Pantai Bakti'),
(186, 23, 'Pantai Bahagia'),
(187, 23, 'Jayasakti');

-- =========================
-- DATA SEGMENT
-- =========================

INSERT INTO segmen (id, nomor_segmen) VALUES
(1, '321602206'),
(2, '321602207'),
(3, '321602306'),
(4, '321602309'),
(5, '321602310'),
(6, '321603004'),
(7, '321603005'),
(8, '321603006'),
(9, '321603007'),
(10, '321603110'),
(11, '321603154'),
(12, '321603155'),
(13, '321603156'),
(14, '321603157'),
(15, '321604103'),
(16, '321604104'),
(17, '321604105'),
(18, '321604107'),
(19, '321605002'),
(20, '321605004'),
(21, '321605005'),
(22, '321605006'),
(23, '321606107'),
(24, '321606109'),
(25, '321606110'),
(26, '321606201'),
(27, '321606202'),
(28, '321606203'),
(29, '321606208'),
(30, '321606209'),
(31, '321607003'),
(32, '321607005'),
(33, '321607007'),
(34, '321607112'),
(35, '321607115'),
(36, '321608101'),
(37, '321608105'),
(38, '321608204'),
(39, '321608205'),
(40, '321608206'),
(41, '321609001'),
(42, '321609007'),
(43, '321609008'),
(44, '321609009'),
(45, '321609010'),
(46, '321610007'),
(47, '321610008'),
(48, '321610009'),
(49, '321610010'),
(50, '321610011'),
(51, '321601007'),
(52, '321601008'),
(53, '321601009'),
(54, '321601010'),
(55, '321602101'),
(56, '321602103'),
(57, '321602105'),
(58, '321611001'),
(59, '321611002'),
(60, '321611003'),
(61, '321611004'),
(62, '321611005'),
(63, '321611006'),
(64, '321611101'),
(65, '321611102'),
(66, '321611105'),
(67, '321611107'),
(68, '321611120'),
(69, '321611121'),
(70, '321611122'),
(71, '321611123'),
(72, '321611124'),
(73, '321612001'),
(74, '321612002'),
(75, '321612005'),
(76, '321612006'),
(77, '321612103'),
(78, '321612106'),
(79, '321612107'),
(80, '321612108'),
(81, '321612109'),
(82, '321612110'),
(83, '321613001'),
(84, '321613002'),
(85, '321613003'),
(86, '321613004'),
(87, '321613005'),
(88, '321613006'),
(89, '321613007'),
(90, '321613008'),
(91, '321613030'),
(92, '321613031'),
(93, '321613032'),
(94, '321613033'),
(95, '321614001'),
(96, '321614004'),
(97, '321614008'),
(98, '321614009'),
(99, '321614011'),
(100, '321614013'),
(101, '321614014'),
(102, '321615001'),
(103, '321615004'),
(104, '321615005'),
(105, '321615007'),
(106, '321615008'),
(107, '321615009');

-- Data users
INSERT INTO users (id, username, password, nama_lengkap, no_hp, email, role, created_at, pml_id) VALUES
(21, 'root', '$2y$10$35O/TGl5sSaOBvA0F3dhtOM0f31a7vm/44hrbGn69IEVUZQmZegtS', 'root', '+62 812-8097-6144', 'pandupermana230687@gmail.com', 'supervisor', '2025-08-14 06:22:01', NULL),
(22, 'pandu', '$2y$10$NOd5MdsoABXT4kTNyXGSW.Us93972Y5RRij1.ou1B67CS9d0nYzhu', 'Pandu Permana', '+62 812-8097-6144', 'pandupermana230687@gmail.com', 'supervisor', '2025-08-14 06:22:26', NULL),
(25, 'gilang', '$2y$10$IGYxVkLDB5B8vK9Hu1g5S.Hlx6EezBPsvDKqL60ElJsBLct10Sfbi', 'gilang', '0871236', 'gilang@asd', 'pml', '2025-09-03 14:26:49', NULL),
(26, 'zacky', '$2y$10$5Y9JBm.5JGlyo57oQhtvD.C7Pg5.KxYH54GyWrJLHmGxs1w4./mQq', 'zacky', '0813278', 'zacky@asd', 'pcl', '2025-09-03 14:27:39', 25);

-- Data monitoring
INSERT INTO monitoring_data_panen
(id, nama_petani, desa, kecamatan, tanggal_panen, subround,
 foto_serah_terima, foto_bukti_plot_ubinan, foto_berat_timbangan,
 berat_plot, gkp, gkg, ku, status, user_id,
 nomor_segmen, nomor_sub_segmen, created_at)
VALUES
(85, 'zacky', 'Karangsentosa', 'Karang Bahagia', '2025-09-10', 3,
 '', '', '',
 NULL, NULL, NULL, NULL,
 'belum selesai', 26,
 '321602310', 'B3', '2025-09-03 14:32:38');

COMMIT;
